name,dates
High Point Furniture Market - Spring '19,"April 6 - 10, 2019"
High Point Furniture Market - Fall '19,"October 19 - 23, 2019"
High Point Furniture Market - Spring '20,"April 25 - 29, 2020"
High Point Furniture Market - Fall '20,"October 17 - 21, 2020"
High Point Furniture Market - Spring '21,"April 17 - 21, 2021"
High Point Furniture Market - Fall '21,"October 16 - 20, 2021"
Showtime,"June 2 - 5, 2019"
Showtime,"December 8 - 11, 2019"
Showtime,"June 7 - 10, 2020"
Showtime,"December 6 - 9, 2020"
Las Vegas Market - 2019 Summer Market,"July 28 - August 1, 2019"
Las Vegas Market - 2020 Winter Market,"January 26 - 30, 2020"
Las Vegas Market - 2020 Summer Market,"July 26 - 30, 2020"
Las Vegas Market - 2021 Winter Market,"January 24 - 28, 2021"
Las Vegas Market - 2021 Summer Market,"July 25 - 29, 2021"
Las Vegas Market - 2022 Winter Market,"January 23 - 27, 2022"
Las Vegas Market - 2022 Summer Market,"July 24 - 28, 2022"
Las Vegas Market - 2023 Winter Market,"January 29 - February 2, 2023"
Las Vegas Market - 2023 Summer Market,"July 30 - August 3, 2023"